-- PRAGMA foreign_keys=OFF;
BEGIN TRANSACTION;
-- CREATE TABLE IF NOT EXISTS "vocabulary_questions" ("question_id" SERIAL PRIMARY KEY NOT NULL, "question" TEXT NOT NULL);
-- INSERT INTO vocabulary_questions VALUES(1,'Which word means ''apple'' in Cantonese?');
-- INSERT INTO vocabulary_questions VALUES(2,'Which word means ''watermelon'' in Cantonese?');
-- CREATE TABLE IF NOT EXISTS "vocabulary_answers" ("answer_id" SERIAL PRIMARY KEY NOT NULL, "answer" TEXT, "isCorrect" BOOLEAN, "question_id" INTEGER);
-- INSERT INTO vocabulary_answers VALUES(1,'蘋果',true,1);
-- INSERT INTO vocabulary_answers VALUES(2,'香蕉',false,1);
-- INSERT INTO vocabulary_answers VALUES(3,'西瓜',false,1);
-- INSERT INTO vocabulary_answers VALUES(4,'橙',false,1);
-- INSERT INTO vocabulary_answers VALUES(5,'橙',false,2);
-- INSERT INTO vocabulary_answers VALUES(6,'西瓜',true,2);
-- INSERT INTO vocabulary_answers VALUES(7,'蘋果',false,2);
-- INSERT INTO vocabulary_answers VALUES(8,'香蕉',false,2);
-- CREATE TABLE IF NOT EXISTS "matching_words" ("word" TEXT NOT NULL, "image_url" TEXT NOT NULL);
-- INSERT INTO matching_words VALUES('蘋果','https://media.istockphoto.com/id/184276818/photo/red-apple.jpg?s=612x612&w=0&k=20&c=NvO-bLsG0DJ_7Ii8SSVoKLurzjmV0Qi4eGfn6nW3l5w=');
-- INSERT INTO matching_words VALUES('橙','https://t3.ftcdn.net/jpg/00/56/01/00/360_F_56010077_UA98ADMw95rEB2hCuAlFOJkjdirrAAPV.jpg');
-- INSERT INTO matching_words VALUES('香蕉','https://media.istockphoto.com/id/173242750/photo/banana-bunch.jpg?s=612x612&w=0&k=20&c=MAc8AXVz5KxwWeEmh75WwH6j_HouRczBFAhulLAtRUU=');
-- INSERT INTO matching_words VALUES('西瓜','https://media.istockphoto.com/id/1142119394/photo/whole-and-slices-watermelon-fruit-isolated-on-white-background.jpg?s=612x612&w=0&k=20&c=A5XnLyeI_3mwkCNadv-QLU4jzgNux8kUPfIlDvwT0jo=');
-- INSERT INTO matching_words VALUES('草莓','https://media.istockphoto.com/id/1412854156/photo/strawberries-isolated-strawberry-whole-and-a-half-on-white-background-strawberry-slice-with.jpg?s=612x612&w=0&k=20&c=sg8D6YofX0K9og_ugF4R50QrPAKQUvHn5vJGfr-7Zk4=');
-- CREATE TABLE IF NOT EXISTS "sentence_ans" ("sentence_id" INTEGER NOT NULL PRIMARY KEY, "sentence" TEXT NOT NULL);
-- INSERT INTO sentence_ans VALUES(0,'這是一本書。');
-- INSERT INTO sentence_ans VALUES(1,'我有一隻貓。');
-- INSERT INTO sentence_ans VALUES(2,'今日天氣很好。');
-- CREATE TABLE IF NOT EXISTS "sentence_words" ("word_id" INTEGER NOT NULL PRIMARY KEY, "word" TEXT NOT NULL, "sentence_id" INTEGER NOT NULL);
-- INSERT INTO sentence_words VALUES(0,'這',0);
-- INSERT INTO sentence_words VALUES(1,'是',0);
-- INSERT INTO sentence_words VALUES(2,'一',0);
-- INSERT INTO sentence_words VALUES(3,'本',0);
-- INSERT INTO sentence_words VALUES(4,'書',0);
-- INSERT INTO sentence_words VALUES(5,'。',0);
-- INSERT INTO sentence_words VALUES(6,'我',1);
-- INSERT INTO sentence_words VALUES(7,'有',1);
-- INSERT INTO sentence_words VALUES(8,'一',1);
-- INSERT INTO sentence_words VALUES(9,'隻',1);
-- INSERT INTO sentence_words VALUES(10,'貓',1);
-- INSERT INTO sentence_words VALUES(11,'。',1);
-- INSERT INTO sentence_words VALUES(12,'今日',2);
-- INSERT INTO sentence_words VALUES(13,'天氣',2);
-- INSERT INTO sentence_words VALUES(14,'很',2);
-- INSERT INTO sentence_words VALUES(15,'好',2);
-- INSERT INTO sentence_words VALUES(16,'。',2);

-- DROP TABLE vocabulary_answers;

-- CREATE TABLE IF NOT EXISTS "vocabulary_answers" ("answer_id" SERIAL PRIMARY KEY NOT NULL, "answer" TEXT, "is_correct" BOOLEAN, "question_id" INTEGER);
-- INSERT INTO vocabulary_answers VALUES(1,'蘋果',true,1);
-- INSERT INTO vocabulary_answers VALUES(2,'香蕉',false,1);
-- INSERT INTO vocabulary_answers VALUES(3,'西瓜',false,1);
-- INSERT INTO vocabulary_answers VALUES(4,'橙',false,1);
-- INSERT INTO vocabulary_answers VALUES(5,'橙',false,2);
-- INSERT INTO vocabulary_answers VALUES(6,'西瓜',true,2);
-- INSERT INTO vocabulary_answers VALUES(7,'蘋果',false,2);
-- INSERT INTO vocabulary_answers VALUES(8,'香蕉',false,2);

CREATE TABLE IF NOT EXISTS "flashcards" ("f_id" SERIAL PRIMARY KEY NOT NULL, "english" TEXT NOT NULL, "cantonese" TEXT NOT NULL, "image_url" TEXT NOT NULL);
INSERT INTO flashcards VALUES(0,'apple','蘋果','https://usapple.org/wp-content/uploads/2019/10/apple-pink-lady.png');
INSERT INTO flashcards VALUES(1,'watermelon','西瓜','https://www.kroger.com/product/images/xlarge/front/0000000003421');
INSERT INTO flashcards VALUES(2,'banana','香蕉','https://www.thedailymeal.com/img/gallery/the-astonishingly-low-cost-of-a-single-whole-foods-banana/intro-1668962689.jpg');
INSERT INTO flashcards VALUES(3,'strawberry','草莓','https://www.collinsdictionary.com/images/full/strawberry_227472010.jpg');
INSERT INTO flashcards VALUES(4,'orange','橙','https://www.fervalle.com/wp-content/uploads/2022/07/transparent-orange-apple5eacfeae85ac29.7815306015883956945475.png');
COMMIT;
